Patient_ID,LDH_U_L,CRP_mg_L,Glucose_mg_dL,Lactate_mmol_L,ctDNA_fraction,Mutation_Status,Biomarker_Response_Score
P001,120.0,3.9,70.0,2.1,0.1007,Mutant,-1.241
P002,287.6,5.2,84.2,2.18,0.0982,Mutant,-0.773
P003,120.0,2.4,104.6,1.23,0.2646,Mutant,0.313
P004,217.9,35.7,98.0,1.32,0.0637,Mutant,0.365
P005,166.7,4.9,116.8,2.04,0.2886,Wildtype,1.024
P006,124.9,18.1,99.8,1.5,0.165,Wildtype,0.806
P007,375.6,15.3,115.5,2.73,0.1364,Mutant,1.259
P008,215.9,32.8,129.0,2.03,0.0087,Mutant,-0.655
P009,237.9,8.3,99.7,3.49,0.0581,Mutant,-1.405
P010,331.0,4.3,112.0,2.66,0.092,Wildtype,-0.284
P011,219.1,2.5,70.4,2.88,0.0711,Wildtype,-1.568
P012,269.6,1.0,99.8,2.11,0.1053,Wildtype,-1.446
P013,317.6,11.6,79.8,2.13,0.0473,Mutant,-0.108
P014,283.9,20.1,104.6,3.39,0.2291,Wildtype,1.552
P015,250.2,15.3,106.2,1.7,0.0099,Wildtype,-1.535
P016,490.8,2.5,106.2,2.44,0.0663,Mutant,0.593
P017,384.7,25.5,93.4,1.79,0.1941,Wildtype,2.451
P018,211.7,5.3,143.4,1.79,0.0243,Wildtype,-1.863
P019,146.1,4.4,79.2,1.06,0.295,Wildtype,0.952
P020,293.2,5.2,78.1,1.41,0.1578,Wildtype,0.666
P021,242.4,10.7,131.8,1.26,0.0942,Wildtype,-0.63
P022,474.7,2.6,89.3,2.48,0.0471,Wildtype,0.302
P023,343.1,9.7,85.0,2.83,0.0028,Wildtype,-1.589
P024,310.3,14.7,143.5,1.92,0.0328,Wildtype,-1.081
P025,221.3,27.1,119.7,2.18,0.0083,Wildtype,-0.71
P026,148.3,11.7,91.3,1.88,0.0862,Wildtype,-1.686
P027,201.2,3.0,105.9,1.35,0.2224,Wildtype,0.508
P028,272.7,11.4,137.0,2.69,0.1169,Wildtype,-0.048
P029,120.0,3.9,114.4,2.52,0.0177,Wildtype,-2.632
P030,384.7,3.7,125.2,0.8,0.0648,Mutant,-0.504
P031,557.7,2.9,116.5,1.77,0.0939,Wildtype,1.66
P032,120.0,1.8,118.7,1.29,0.0054,Wildtype,-2.025
P033,120.0,6.0,102.7,1.69,0.1308,Wildtype,-0.955
P034,244.0,27.6,102.2,1.46,0.0475,Wildtype,-0.191
P035,169.3,76.2,106.8,1.96,0.0691,Mutant,1.179
P036,247.4,6.0,115.2,1.74,0.1085,Wildtype,-0.963
P037,213.0,26.6,96.9,1.72,0.1054,Wildtype,0.091
P038,138.8,7.0,104.2,2.89,0.3149,Wildtype,0.856
P039,392.8,2.3,96.4,2.45,0.1612,Wildtype,0.242
P040,271.1,18.8,104.1,1.44,0.0649,Wildtype,0.019
P041,171.0,12.4,79.5,1.56,0.1031,Wildtype,-0.453
P042,433.1,51.4,148.9,2.39,0.0895,Mutant,2.08
P043,175.0,2.5,88.8,2.39,0.2811,Mutant,1.003
P044,125.8,90.0,95.5,1.52,0.281,Wildtype,4.613
P045,238.9,41.9,87.3,1.81,0.1945,Mutant,2.04
P046,257.9,9.8,113.1,3.48,0.0219,Mutant,-1.743
P047,279.5,7.6,98.5,1.53,0.0807,Wildtype,-0.618
P048,301.0,5.3,84.7,3.53,0.0161,Mutant,-0.705
P049,277.5,11.0,113.8,2.88,0.1747,Wildtype,0.801
P050,272.5,8.5,116.2,3.38,0.0137,Wildtype,-1.105
P051,169.9,15.9,100.8,1.5,0.0603,Wildtype,-1.017
P052,162.0,7.7,90.1,1.87,0.1087,Wildtype,-1.325
P053,307.3,35.7,141.4,1.64,0.1115,Wildtype,0.94
P054,245.5,11.2,108.1,2.9,0.0577,Mutant,-0.738
P055,318.2,7.9,79.1,1.55,0.0411,Wildtype,-0.39
P056,120.0,25.1,127.5,2.58,0.0376,Wildtype,-0.93
P057,175.6,2.3,86.6,2.54,0.028,Wildtype,-2.401
P058,518.9,13.6,151.4,1.96,0.257,Wildtype,3.56
P059,282.1,10.2,103.4,3.04,0.0763,Wildtype,0.023
P060,251.3,2.8,120.2,2.09,0.0099,Wildtype,-2.138
P061,302.5,2.1,70.0,2.67,0.0843,Mutant,0.038
P062,594.3,24.8,78.9,1.6,0.0942,Wildtype,3.111
P063,540.6,23.8,126.0,1.42,0.0533,Mutant,2.624
P064,120.0,11.7,107.7,2.58,0.0345,Mutant,-1.872
P065,127.6,46.9,138.8,2.34,0.1942,Mutant,1.511
P066,120.0,14.9,110.7,2.19,0.1988,Wildtype,0.42
P067,157.2,30.8,104.6,1.73,0.2323,Wildtype,1.71
P068,225.5,14.6,132.8,3.24,0.0749,Mutant,-0.215
P069,245.3,7.8,120.2,1.11,0.0293,Wildtype,-1.034
P070,120.0,3.9,98.5,1.06,0.016,Mutant,-2.549
P071,120.0,5.8,82.3,2.75,0.1818,Mutant,0.002
P072,155.9,7.9,70.0,2.69,0.0134,Mutant,-2.555
P073,332.3,34.1,94.1,2.28,0.1089,Mutant,1.261
P074,359.3,20.0,80.6,1.77,0.0136,Wildtype,0.364
P075,474.0,13.5,148.8,2.4,0.1494,Wildtype,1.322
P076,216.8,21.9,90.3,3.38,0.1868,Wildtype,0.616
P077,319.4,16.1,89.8,4.01,0.0692,Mutant,0.227
P078,346.6,12.7,74.6,0.8,0.1152,Mutant,0.694
P079,175.9,2.6,97.2,1.66,0.0739,Mutant,-1.858
P080,262.0,27.9,90.0,1.61,0.0446,Wildtype,-0.39
P081,295.9,6.6,133.3,3.3,0.0707,Mutant,-1.047
P082,146.1,26.6,105.0,0.8,0.0277,Wildtype,-0.856
P083,460.6,29.1,101.8,2.41,0.0947,Wildtype,1.64
P084,216.2,5.5,99.6,1.79,0.0696,Wildtype,-0.451
P085,228.8,23.5,116.2,3.31,0.0722,Wildtype,-0.271
P086,143.6,7.2,93.9,3.2,0.207,Mutant,-0.064
P087,154.9,7.3,114.0,2.29,0.0573,Wildtype,-1.776
P088,120.0,12.6,131.1,0.8,0.0464,Wildtype,-1.884
P089,225.5,12.9,110.3,1.54,0.1741,Wildtype,0.47
P090,650.0,10.4,97.5,1.63,0.0913,Mutant,3.198
P091,139.1,3.0,84.8,0.94,0.0734,Mutant,-1.878
P092,650.0,9.0,97.0,2.92,0.0247,Mutant,1.234
P093,415.7,77.7,112.1,0.84,0.0235,Wildtype,2.659
P094,177.8,1.0,74.4,3.57,0.0948,Wildtype,-0.882
P095,222.7,21.9,117.0,3.57,0.2005,Wildtype,0.519
P096,207.0,25.9,105.7,1.69,0.0778,Mutant,-0.103
P097,474.1,2.9,99.3,2.26,0.1773,Wildtype,1.385
P098,277.6,6.6,90.1,1.94,0.0745,Mutant,-0.433
P099,374.5,4.1,93.4,2.72,0.1072,Mutant,0.075
P100,258.5,53.0,112.8,3.02,0.0323,Mutant,-0.266
P101,209.2,27.0,99.7,2.21,0.292,Wildtype,2.427
P102,254.8,28.2,93.0,2.38,0.3031,Mutant,2.908
P103,183.2,11.1,110.4,1.5,0.0388,Wildtype,-1.745
P104,120.0,32.6,111.1,2.35,0.1063,Wildtype,-0.513
P105,317.3,9.9,79.5,2.13,0.164,Mutant,0.272
P106,120.0,34.0,112.3,1.27,0.1,Wildtype,0.038
P107,194.9,8.7,147.0,1.99,0.0893,Mutant,-0.591
P108,180.5,5.4,110.5,1.69,0.0885,Mutant,-1.54
P109,293.9,51.0,71.4,1.51,0.0879,Wildtype,1.243
P110,444.9,9.8,105.2,1.08,0.0817,Mutant,0.659
P111,378.4,4.5,70.0,2.05,0.0694,Wildtype,0.78
P112,297.7,4.4,159.0,1.38,0.1623,Wildtype,0.634
P113,165.7,4.4,142.2,1.62,0.0778,Wildtype,-1.832
P114,202.6,21.4,90.0,2.86,0.0535,Wildtype,-0.666
P115,189.7,9.1,70.0,2.51,0.2477,Wildtype,0.338
P116,178.0,79.1,86.2,1.22,0.1107,Wildtype,2.405
P117,183.6,29.1,98.7,2.28,0.2074,Wildtype,1.875
P118,181.4,12.6,70.3,2.11,0.0879,Mutant,-0.219
P119,177.8,35.4,100.8,3.36,0.1377,Mutant,0.907
P120,337.6,6.4,98.6,3.11,0.0794,Wildtype,-0.435
